"URL","Last Mod","Priority","Freq"
"https://ambadnyasolarpowar.com/","2026-05-31T02:11:12+00:00","1.0000","daily"
"https://ambadnyasolarpowar.com/feed/","2026-05-31T02:11:12+00:00","0.8000","daily"
"https://ambadnyasolarpowar.com/comments/feed/","2026-05-31T02:11:12+00:00","0.8000","daily"
"https://ambadnyasolarpowar.com/hello-world/","2026-05-30T10:17:44+00:00","0.8000","daily"
"https://ambadnyasolarpowar.com/hello-world/feed/","2026-05-31T02:11:12+00:00","0.6400","daily"
"https://ambadnyasolarpowar.com/category/uncategorized/","2026-05-31T02:11:12+00:00","0.6400","daily"
"https://ambadnyasolarpowar.com/shop/","2026-05-30T10:35:40+00:00","0.6400","daily"
"https://ambadnyasolarpowar.com/category/uncategorized/feed/","2026-05-31T02:11:12+00:00","0.5120","daily"
"https://ambadnyasolarpowar.com/author/ambadnyatechnoenterprisesgmail-com/","2026-05-31T02:11:12+00:00","0.5120","daily"
"https://ambadnyasolarpowar.com/shop/feed/","2026-05-31T02:11:12+00:00","0.5120","daily"
"https://ambadnyasolarpowar.com/author/ambadnyatechnoenterprisesgmail-com/feed/","2026-05-31T02:11:12+00:00","0.4096","daily"